,mean,hess_se,robust_se,z_score,p_value,se_ratio
.sp_inv_base_intensity,4.6874976,0.0014221041,0.0018791499,2494.4778,0.0,1.321387
.logit_branching_ratio,0.95317125,0.0003750697,0.0019877737,479.517,0.0,5.2997446
.sp_inv_inv_omega,-8.877056,0.00018409423,0.00060551823,-14660.263,0.0,3.2891755
.logit_beta,1.8015609,0.000441834,0.00059763284,3014.4944,0.0,1.3526185
