param,value
sp_inv_base_intensity,4.1212277
logit_branching_ratio,1.6483954
sp_inv_decay_rate,133.9878
weights,"[-0.12373454  0.22140378 -0.38779718 -0.17549197 -0.13094808 -0.42793423
 -0.08254296 -0.03903959  0.76738536 -0.06630134  0.04229357 -0.69461185
  0.17578593  0.39928058  3.1200235   1.218827    0.83890617  0.09945911
  0.5444103  -0.3464612  -0.43065467 -0.86421293 -0.868489   -0.6470496 ]"
base_intensity,4.137322
branching_ratio,0.8386741
decay_rate,133.9878
