param,value
sp_inv_base_rate,26.227629
weights,"[-3.7549973   2.5041997  -3.0253346  -1.0833539  -2.164065   -6.323172
  0.42495412 -3.5103512   1.8282052  -4.2133617  -4.0384836  -7.328086
 -3.9071794   9.726168   27.495842   12.9098015   2.2567353   0.5450706
  6.8609242  -2.1034384  -1.9483695  -8.141842   -6.910304   -4.7565765 ]"
base_rate,26.227629
