,mean,hess_se,robust_se,z_score,p_value,se_ratio
.sp_inv_base_intensity,1.730397,0.0010963503,0.0007226628,2394.4736,0.0,0.6591532
.logit_branching_ratio,1.9263793,0.00083085126,0.005032338,382.80005,0.0,6.056846
.sp_inv_decay_rate,12.584403,0.0016045735,0.009278535,1356.292,0.0,5.7825556
